feature,mean_importance
GATS3se,-2.107563559144267e-05
SddsN,-8.408064204702171e-06
SIC0,-7.774166013275325e-06
eluent.A.nh4form,-7.631649994858762e-06
MATS3i,-7.300971388127242e-06
CIC2,-6.956921610054827e-06
ATSC4m,-6.926704756541648e-06
AXp-2dv,-6.561019834795331e-06
ATSC2p,-6.560945883308817e-06
ATSC1m,-6.430680295386147e-06
piPC6,-6.427866714597569e-06
ATS7se,-6.3258510143969665e-06
C3SP3,-5.752447387031342e-06
TIC2,-5.62506755454658e-06
ATS6p,-5.5581390309910985e-06
ATSC7are,-5.085939867245735e-06
MIC2,-5.084608460291951e-06
ATS4p,-4.989761655625411e-06
BalabanJ,-4.857394127768568e-06
ATSC5se,-4.813703992373204e-06
MPC2,-4.349961120700668e-06
AATS3d,-4.118090601646067e-06
MATS2d,-4.069774800818937e-06
ATS4m,-4.012287052817132e-06
TopoShapeIndex,-3.7302223754999246e-06
ZMIC5,-3.728522906732215e-06
GATS1i,-3.709260784097359e-06
GGI7,-3.6847742658129013e-06
ATS6pe,-3.545485652814342e-06
MWC07,-3.51185364980992e-06
IC3,-3.508636368159887e-06
AATSC0Z,-3.5040522362438964e-06
ATS1dv,-3.346831253434046e-06
Xch-6d,-3.3437362585548268e-06
ATSC1Z,-3.316410087100211e-06
AATS3pe,-3.229420472032618e-06
AATSC3p,-3.19627321159156e-06
ATS2pe,-3.080323312117279e-06
TIC3,-2.9547170279175737e-06
ATS2Z,-2.783303428923172e-06
MWC05,-2.6499449981909515e-06
ATS3p,-2.6367083606214197e-06
Xpc-4dv,-2.614530222032601e-06
n9FAHRing,-2.476550693714455e-06
ATSC0d,-2.4391870096730253e-06
ATS0d,-2.357538137583593e-06
Si,-2.304379884514405e-06
nBondsKD,-2.288324835024273e-06
ATS6v,-2.2667998041892705e-06
MPC9,-2.216020752086618e-06
ATS3se,-2.1276714763878054e-06
GATS1p,-2.1009359106669534e-06
ATSC8se,-2.086761859927851e-06
ATS8se,-1.905409595932394e-06
nHBAcc,-1.9038744536198186e-06
Radius,-1.869538062019161e-06
MIC4,-1.8137896706287882e-06
Xch-3d,-1.8061750847585267e-06
ATS6dv,-1.746526586971723e-06
Xpc-4d,-1.7087129195884725e-06
ATS7i,-1.679186778231947e-06
mZagreb2,-1.626873766152545e-06
Sare,-1.6223791205400781e-06
nRot,-1.569770212369627e-06
Mv,-1.448701945597989e-06
NaaaC,-1.4346713817519133e-06
ATS4v,-1.4089116235614131e-06
SdCH2,-1.4062558491569413e-06
Xp-6d,-1.3262167971221997e-06
ATSC8Z,-1.2986323664346613e-06
n5AHRing,-1.2909744449019974e-06
AATSC1d,-1.2887947495685698e-06
ATS1m,-1.28267806164227e-06
Sv,-1.2058684030529821e-06
n10ARing,-1.1963201242036308e-06
Xp-1dv,-1.1425493374971757e-06
GATS4se,-1.1296867838016777e-06
nBondsS,-1.0920675218530595e-06
Xp-2d,-1.070989268634609e-06
AATS1v,-1.0438736292739218e-06
AATSC2p,-1.023184949953352e-06
ATS4i,-1.015781994514759e-06
ATS1d,-9.994470668133955e-07
nBridgehead,-9.096769701988882e-07
TIC0,-9.067962025556194e-07
AATS3m,-8.988229916552515e-07
StN,-8.936535161739763e-07
ATS4Z,-7.896939837219625e-07
nG12FARing,-7.15944316950854e-07
ATS0se,-6.976137492138885e-07
NdsCH,-6.862557755140525e-07
piPC1,-6.745563356154103e-07
nB,-6.657676612772945e-07
TPP,-6.468925554675361e-07
n5aRing,-6.292862658655203e-07
ECIndex,-6.260569487258685e-07
nFRing,-6.038881819242503e-07
n4Ring,-5.991799778851114e-07
ATSC0se,-5.959672642537849e-07
MIC5,-5.882621000189228e-07
nFHRing,-5.673474885447248e-07
ATS0pe,-5.624325991606185e-07
MIC3,-5.524493695637997e-07
AATS3Z,-5.43075204422188e-07
Sp,-5.152220263088605e-07
piPC8,-5.126795669343174e-07
MATS1m,-5.093999473710676e-07
ATS5d,-4.998029943984774e-07
C4SP3,-4.957725113983492e-07
eluent.B.nh4form,-4.7039359605764026e-07
Xch-4dv,-4.6962130522574737e-07
ATS2p,-4.6343829328207576e-07
nARing,-4.5042256836035426e-07
ATS7p,-4.459603516295159e-07
naRing,-4.3091453203096886e-07
n9FHRing,-4.205635656811223e-07
NsssB,-4.147826970762186e-07
ATSC4i,-4.10780381839785e-07
MIC1,-4.102989945612215e-07
ATSC8m,-4.0520741146649746e-07
n5HRing,-3.849386615953007e-07
n8FHRing,-3.761794167833621e-07
Xc-4dv,-3.65220409130184e-07
AATSC1Z,-3.3933897641263285e-07
n10Ring,-3.2618206283431193e-07
SsssB,-3.195999715835396e-07
MZ,-3.1325258550585907e-07
n10FAHRing,-2.8671184804105255e-07
n7FARing,-2.4027252788390294e-07
nG12FAHRing,-2.365435466012908e-07
MPC7,-2.219212026594551e-07
Xch-6dv,-2.144559655141605e-07
SRW06,-2.1226612014688117e-07
NtN,-2.0264403510598938e-07
nG12AHRing,-1.9953833816435674e-07
SRW07,-1.7807877147136066e-07
ATS7v,-1.7273564495157155e-07
WPol,-1.5945072273796172e-07
NssssC,-1.0641703188365645e-07
SZ,-9.578892691862808e-08
Xc-3d,-7.441752291181131e-08
ATS1are,-7.256204473098799e-08
n4ARing,-5.374852393869728e-08
nG12FaRing,-5.020048534426155e-08
AATSC2m,-3.892049168958967e-08
ATS7m,-3.469732799566555e-08
n8ARing,-2.0114852355111735e-08
nBr,-1.2351739428050762e-08
NsOH,-9.162709071856845e-09
n3AHRing,-5.8869192490380865e-09
NsssN,-1.3621008241454512e-09
n3ARing,0.0
n12HRing,0.0
nG12HRing,0.0
n4AHRing,0.0
NssssN,0.0
NsNH3,0.0
nG12ARing,0.0
n4aRing,0.0
n12ARing,0.0
NaasN,0.0
n6aRing,0.0
NddsN,0.0
nG12aRing,0.0
n5aHRing,0.0
NdsN,0.0
NssNH2,0.0
n11ARing,0.0
NsssNH,0.0
n9ARing,0.0
NssNH,0.0
nG12aHRing,0.0
n11HRing,0.0
NtsC,0.0
NtCH,0.0
NddC,0.0
n10HRing,0.0
SssssSn,0.0
n8HRing,0.0
SMR_VSA2,0.0
Zagreb2,0.0
NsBr,0.0
NssssSn,0.0
C1SP1,0.0
eluent.A.iproh,0.0
NsI,0.0
NaaSe,0.0
nBondsT,0.0
SddC,0.0
SsNH3,0.0
SssNH2,0.0
SsssNH,0.0
SssssSi,0.0
SsssP,0.0
SaaSe,0.0
nBondsO,0.0
Zagreb1,0.0
NssSe,0.0
NsCl,0.0
NaaO,0.0
NsF,0.0
nG12Ring,0.0
NssssSi,0.0
SsI,0.0
n12Ring,0.0
n11Ring,0.0
n9Ring,0.0
n8Ring,0.0
n7Ring,0.0
NsssP,0.0
n3Ring,0.0
apol,0.0
NdsssP,0.0
NsSH,0.0
NdS,0.0
NaaS,0.0
n9HRing,0.0
SssSe,0.0
NdNH,0.0
SRW05,0.0
nCl,0.0
n12FRing,0.0
nG12FRing,0.0
nF,0.0
nP,0.0
nS,0.0
n6FARing,0.0
n6FHRing,0.0
n7FHRing,0.0
n5FARing,0.0
SRW02,0.0
n12FaHRing,0.0
n8FaRing,0.0
n9FaRing,0.0
SRW03,0.0
n9FaHRing,0.0
n8FaHRing,0.0
n11FaRing,0.0
nFaHRing,0.0
nI,0.0
n10FRing,0.0
n12FaRing,0.0
n12FARing,0.0
n6FRing,0.0
PetitjeanIndex,0.0
n8AHRing,0.0
n5FRing,0.0
MWC01,0.0
n9AHRing,0.0
n6FAHRing,0.0
n7FAHRing,0.0
MWC02,0.0
n12FAHRing,0.0
n12AHRing,0.0
n11FAHRing,0.0
n10AHRing,0.0
n11AHRing,0.0
nBondsM,3.991727859711802e-11
nG12FaHRing,7.771487172975738e-09
NaaNH,8.738048795468856e-09
AATS0se,1.144071859159046e-08
n3HRing,2.7267349963795014e-08
ATS2v,3.1705853738642206e-08
n8FRing,3.733596514125109e-08
GGI2,4.2500371686630264e-08
Xch-4d,4.8911394435243585e-08
eluent.B.acetone,5.033139260377309e-08
ATSC3i,5.1621233842884254e-08
Xc-5d,5.4482064789241476e-08
nG12FHRing,6.953637366165568e-08
Spe,7.078601804147086e-08
eluent.A.phosphor,7.24062483878872e-08
n7ARing,7.934501481711431e-08
NddssS,8.153333392211735e-08
AATS3v,1.0000252607875182e-07
n4HRing,1.0252193726597788e-07
n5Ring,1.0416072189593783e-07
Mm,1.2902855730636056e-07
nFaRing,1.3201620155346358e-07
ATS0i,1.6417440994193762e-07
MATS3v,1.6713746149622787e-07
nFAHRing,1.734336580305057e-07
ATS4dv,1.7414223897191037e-07
n11FRing,1.8389588179587233e-07
n11FHRing,1.855174430117311e-07
nO,1.9912210873990546e-07
SsF,2.080011484697532e-07
n7FRing,2.2773972414204952e-07
n8FAHRing,2.4549848591870827e-07
eluent.B.trifluoroacetic,2.474049153318274e-07
n8FARing,2.502300919449661e-07
piPC7,2.6542827970682524e-07
SRW08,2.667912485755826e-07
n12FHRing,2.7062316210147916e-07
ATS5dv,2.7241570502729154e-07
StCH,3.142044977678948e-07
NsNH2,3.611154402851334e-07
MATS4d,3.62193126019969e-07
AATS2m,3.7039316942563335e-07
C1SP3,3.821008854625572e-07
NdCH2,4.1208442686842956e-07
Xch-5dv,4.228562765411746e-07
ATSC0dv,4.6070560865045863e-07
ATS5v,5.219571788179188e-07
GATS2p,5.597806747296117e-07
C2SP1,5.903651971591977e-07
nBonds,6.244507838814271e-07
ATS1pe,6.580989822780985e-07
TMWC10,6.796842801425756e-07
nAHRing,6.8689289888825e-07
ATSC8d,6.888632700038227e-07
AATS0pe,7.069705629351997e-07
AATS2pe,7.191464592954527e-07
MWC04,7.200635890427729e-07
n7AHRing,7.429324227162248e-07
ATS4pe,7.532081374709252e-07
nAromBond,7.618777923208523e-07
ATS8are,7.658500760342711e-07
n7aRing,7.720173977492257e-07
MWC09,7.724568415005787e-07
n10FaRing,7.870244660613049e-07
nHetero,7.877229995327354e-07
n5ARing,8.006299530312517e-07
Xch-3dv,8.031336661306829e-07
nSpiro,8.049280391255777e-07
Xc-6dv,8.144087298221463e-07
nHeavyAtom,8.254594222439557e-07
ATSC2are,8.356450472551783e-07
EState_VSA10,8.843121975369607e-07
nRing,9.090208152370133e-07
SRW04,9.124360767723966e-07
MPC10,9.203447395396067e-07
ATSC5p,9.30370116618718e-07
AATS3i,9.596784509432848e-07
GATS3v,1.0040418992903096e-06
MATS2v,1.0234970842032225e-06
AATS4v,1.0375758710441663e-06
ATSC8p,1.0495142474150656e-06
NdssC,1.052539915723065e-06
AATSC4m,1.0539780376976962e-06
MWC06,1.068360934167699e-06
SRW10,1.0720129551101271e-06
Diameter,1.0722910862645194e-06
ATSC0v,1.0802112909527074e-06
ATS8d,1.0929011357479861e-06
ATS3are,1.1264424632497111e-06
SsBr,1.1433540337999967e-06
ATSC1d,1.1564720782007362e-06
ATS0are,1.1612046829275953e-06
AATSC2Z,1.195880574525552e-06
AATS1Z,1.1983142200170175e-06
ATS7Z,1.2105479264691403e-06
SdNH,1.2336720949394747e-06
n7HRing,1.2415702181019055e-06
nBondsD,1.2673203183051484e-06
GGI9,1.3002602561543e-06
SRW09,1.300817112834772e-06
MATS2Z,1.3239621993637978e-06
ATS4are,1.3308080111360324e-06
TIC1,1.3356216442759508e-06
ATS0m,1.339963630829586e-06
n10FARing,1.4271811417018373e-06
GGI1,1.4287010586072796e-06
ATS2are,1.4395804861028898e-06
ATS7pe,1.4692913175760013e-06
MATS3Z,1.4947626328928355e-06
GATS2m,1.5021643549636803e-06
nH,1.5314709935322113e-06
MPC8,1.535052343703408e-06
MATS1v,1.5504614622820905e-06
ATS2d,1.5539061849098936e-06
ATS8pe,1.5635812435664704e-06
ATSC4Z,1.5734756346766355e-06
ATSC4pe,1.5835048978132815e-06
ATS6are,1.6067779033480772e-06
Xc-4d,1.6161309683067163e-06
Xc-3dv,1.6202436589201306e-06
ATSC0pe,1.629389630768141e-06
Sse,1.6371320605921419e-06
AATS0are,1.6582025527102363e-06
fragCpx,1.6631554398234376e-06
ATS1v,1.6939469952079524e-06
ATS2m,1.7088288655023668e-06
ATS1se,1.7144506246902225e-06
ATSC0p,1.7173841812560299e-06
Xp-4d,1.7301641218426395e-06
ATS6d,1.7999455235524937e-06
Xch-5d,1.8182682170375143e-06
TpiPC10,1.8283081070043055e-06
Lipinski,1.8523284269048728e-06
GGI4,1.9038122253579524e-06
GATS1d,1.9437363853667435e-06
MWC08,1.968960595126728e-06
MPC3,1.9896895644618515e-06
nFARing,2.042975685446081e-06
NssS,2.13226833550512e-06
eluent.A.meoh,2.1346883706376515e-06
PEOE_VSA3,2.1454728817147868e-06
ATS4d,2.1588992551399046e-06
piPC10,2.1920839430910125e-06
ATS8Z,2.2364129140179e-06
AATSC3pe,2.2368974043765824e-06
n9FARing,2.23715428293381e-06
ATS8i,2.256158137331574e-06
SsNH2,2.285131943203199e-06
nX,2.2865812660988367e-06
SddssS,2.3104936502792335e-06
AATS3p,2.311466715271271e-06
ABCGG,2.3317683226883184e-06
Xp-3d,2.421552607326065e-06
ATS5se,2.429262479450734e-06
ATS5Z,2.4304680252609618e-06
AATS1dv,2.443327806401878e-06
AXp-1d,2.4469566064650066e-06
SaaS,2.4786546289649533e-06
ATSC4v,2.5154793900780506e-06
AATS4d,2.5171391408701503e-06
NssCH2,2.5202074502328995e-06
Xpc-6dv,2.528895383307854e-06
NdO,2.582519715072732e-06
ATSC2se,2.633038266479457e-06
SlogP_VSA2,2.6361526132618295e-06
GATS4v,2.655330115212181e-06
AATS3are,2.7727049525103597e-06
nAtom,2.7734014425103216e-06
ATS3d,2.7747640008001297e-06
ATSC4dv,2.81230821198835e-06
MPC4,2.836020310040613e-06
ATS2dv,2.837607139350839e-06
ATS3dv,2.8543860846376617e-06
ATS5are,2.9645004073952133e-06
eluent.A.acetic,2.9667781855668464e-06
MPC6,3.089331600730251e-06
GATS2v,3.1045214619689586e-06
Xc-6d,3.237445546833053e-06
TMPC10,3.2530597423642908e-06
VAdjMat,3.256559735134983e-06
ATS8dv,3.2705373848333427e-06
ATS4se,3.2842553216469105e-06
ATS2se,3.4264678374296836e-06
MWC10,3.466802473972054e-06
Kier1,3.514994186997345e-06
AATSC2are,3.5914226779580095e-06
Xp-2dv,3.593490417878355e-06
nBondsKS,3.5997675362100733e-06
MATS2m,3.6596448590282827e-06
NssO,3.6767767009177575e-06
n6Ring,3.701576318800113e-06
AATSC1i,3.7176420669171246e-06
SsSH,3.775425476415517e-06
ATSC8v,3.828285703898812e-06
ATS8p,3.8701777713854616e-06
ATS7are,3.894100030060222e-06
MATS3p,3.9140386194714235e-06
ATS6Z,3.961867529895819e-06
FCSP3,3.9720583557623266e-06
EState_VSA1,3.973385581486442e-06
AATSC0se,4.016638719765361e-06
MATS4v,4.071336244696258e-06
AATS2v,4.081963739619842e-06
n11FARing,4.101677884781659e-06
AATSC0d,4.104102530265875e-06
SssssN,4.104375311102942e-06
ATSC8i,4.205112269610976e-06
ATS5pe,4.223340070083626e-06
ATSC8are,4.230114526809076e-06
MATS1d,4.246742386974142e-06
n6AHRing,4.256187505214705e-06
SlogP_VSA3,4.263294980658573e-06
Xc-5dv,4.272135273509365e-06
piPC4,4.291056609431569e-06
AATSC4p,4.3234305898135445e-06
WPath,4.3503684865068596e-06
AATS0v,4.356721196367274e-06
AATS4m,4.369299188122355e-06
JGI4,4.389669517776851e-06
CIC5,4.4136792153383866e-06
AATS2dv,4.464194449015947e-06
GATS3d,4.528789121653349e-06
ATS0dv,4.612016579359172e-06
SMR_VSA4,4.621847833946678e-06
GGI3,4.634358634794493e-06
Xpc-5d,4.639770610914782e-06
Mpe,4.646876182380285e-06
AATS1p,4.670272995846523e-06
ATSC8pe,4.7356247434527e-06
ATS6m,4.758161799192726e-06
ATS0p,4.822708315946767e-06
MW,4.850929394412725e-06
AATS3dv,4.853935567525683e-06
MATS2p,4.8553887184613755e-06
Xp-5d,4.856702593842004e-06
ATS5m,4.871780204435128e-06
GGI10,4.881025926749619e-06
AATS4i,4.900301119508711e-06
ATSC7i,4.978541769736638e-06
n10FHRing,4.981223418167036e-06
ATS6se,4.989006710701735e-06
ZMIC0,5.05236863552784e-06
naHRing,5.0733383414131025e-06
SsCl,5.125364656045472e-06
eluent.A.nh4f,5.147343608281983e-06
ATS3v,5.158256221186875e-06
ATS0v,5.202141329866891e-06
ATS3pe,5.202385714938359e-06
MATS1Z,5.2232581455451645e-06
ATS5p,5.272314001166304e-06
ATSC2pe,5.289095225204619e-06
AATS2i,5.293804764045992e-06
C2SP3,5.351116324229122e-06
Sm,5.356088008880329e-06
BertzCT,5.3587585984405005e-06
ATSC1se,5.369255014276743e-06
SMR_VSA6,5.3866600837333516e-06
MPC5,5.460466244589391e-06
SIC2,5.469189347731464e-06
ATSC3m,5.540762055897003e-06
RotRatio,5.57213170151033e-06
ATS8m,5.596971456538809e-06
NsssCH,5.631902466774527e-06
ATSC6m,5.675708356136199e-06
Mare,5.720483781129597e-06
ATSC6dv,5.732858570830015e-06
ATSC6Z,5.73601260198094e-06
ATS7d,5.759855821948611e-06
MATS4m,5.768785038738882e-06
TIC4,5.837338870828216e-06
JGI1,5.852260998726998e-06
ATSC3p,5.85723210070532e-06
AATS4pe,5.941300345443934e-06
AATSC1p,5.952742018638848e-06
NaaCH,5.998455734987536e-06
MATS3d,6.002268243037595e-06
AATS4are,6.026214776769408e-06
AATS1m,6.0317509900955494e-06
CIC4,6.094026513661643e-06
n10FaHRing,6.0963889135132525e-06
ATSC6are,6.121343860208961e-06
GATS2Z,6.153083105189978e-06
GATS1se,6.157462513092967e-06
Xp-7dv,6.1649137152845064e-06
AATS3se,6.185845059804469e-06
MATS1i,6.19856239657858e-06
SlogP_VSA4,6.200584828933327e-06
MATS1p,6.232542023787337e-06
SdsCH,6.238059958970852e-06
SIC4,6.242544687270167e-06
eluent.B.nh4bicarb,6.261545781693478e-06
ATS2i,6.307567014536205e-06
AATSC1pe,6.3267655979117045e-06
MATS2are,6.345785504443483e-06
ATSC2v,6.359929648199099e-06
Xp-6dv,6.372310885650271e-06
GATS3are,6.396217443742532e-06
GATS1pe,6.451592721318147e-06
GATS2se,6.5109544600568465e-06
ATS1p,6.563956315091147e-06
SlogP_VSA10,6.643149007235383e-06
hydrophobicity,6.6966448741490044e-06
AATSC3are,6.7326701589032026e-06
GGI6,6.7466769292130396e-06
AATSC3v,6.766501692572705e-06
ABC,6.930932762153844e-06
PEOE_VSA10,7.004549304789713e-06
GATS3p,7.030260607059947e-06
ATSC3Z,7.103808111171439e-06
ATSC2i,7.127876416015977e-06
SaaO,7.127994710438151e-06
ZMIC4,7.129935229095632e-06
IC4,7.138895609715232e-06
AATSC1v,7.185001716401071e-06
Mp,7.190813064485938e-06
AATSC4i,7.24555481110209e-06
MATS3m,7.299549882768333e-06
IC5,7.3140177687203675e-06
ATSC7pe,7.3163089605499455e-06
AATSC3Z,7.332379119143456e-06
EState_VSA3,7.397758399754674e-06
ATSC5v,7.428953021095669e-06
ATSC1p,7.48569244949579e-06
SlogP_VSA7,7.496747616248401e-06
ATSC7se,7.600476178533811e-06
ATS5i,7.603940363182845e-06
SIC5,7.613092008103457e-06
AATSC4pe,7.625021423769696e-06
Xp-4dv,7.68450548702792e-06
ATSC6v,7.705129433480466e-06
ATSC5i,7.76596651815122e-06
ATSC6p,7.775311887795334e-06
AATSC3m,7.786512700621012e-06
ATS0Z,7.802100939962275e-06
MATS4i,7.80644959391787e-06
AATS0Z,7.81237770888987e-06
JGT10,7.814489540427464e-06
SssCH2,7.973303218801463e-06
GATS4p,7.983800322501968e-06
ATS3Z,7.988305490115328e-06
AATS0m,8.043292855134092e-06
eluent.B.nh4ac,8.046537778244774e-06
SIC1,8.061779588338508e-06
EState_VSA4,8.157711311756848e-06
JGI3,8.166816325541702e-06
GATS1v,8.17020645586218e-06
ATS1Z,8.185440551380843e-06
ATSC1i,8.226243142956617e-06
BIC5,8.29372946008558e-06
IC2,8.346452102282048e-06
SlogP_VSA8,8.353492989580675e-06
AATSC1m,8.41488200323294e-06
GhoseFilter,8.431309078597762e-06
VSA_EState1,8.490657212051246e-06
ATSC5pe,8.511075900514801e-06
AATSC2pe,8.517265309738661e-06
SsssCH,8.691630766746034e-06
SlogP_VSA11,8.741425058461215e-06
AATS0dv,8.753833521833037e-06
ATSC3v,8.785248400209039e-06
SlogP_VSA1,8.806928139391737e-06
SdO,8.884559207307085e-06
AATS1se,8.898593243464747e-06
ZMIC1,8.974875341662397e-06
GATS4d,9.042718509839551e-06
AATSC0pe,9.07297009028786e-06
ATSC7v,9.113888672354718e-06
ATSC1are,9.175626033454918e-06
AATSC0dv,9.272304426077935e-06
AATS2are,9.296569581062568e-06
ATSC6pe,9.397131067408454e-06
GATS2are,9.421462307500436e-06
AATSC4d,9.50300063341106e-06
AATSC3se,9.524065968271375e-06
AATSC3d,9.529465741817383e-06
GATS4i,9.551105377751407e-06
nHRing,9.596808540988845e-06
C2SP2,9.609217773971952e-06
VMcGowan,9.616064754475271e-06
ATSC7p,9.6385789870773e-06
Kier2,9.675997763020603e-06
AATSC2se,9.705991177486484e-06
Xpc-6d,9.759525108131786e-06
AATSC2i,9.882630350097587e-06
Xp-7d,9.966373818241433e-06
ATSC3pe,1.0015555954904532e-05
AATSC2dv,1.009364454866487e-05
ATSC0are,1.0165664740227273e-05
ATSC5m,1.0372864146192435e-05
MATS4pe,1.0414218042297754e-05
ATS3m,1.04647089234456e-05
SaasC,1.0481536689285232e-05
C3SP2,1.0513602133990947e-05
ATSC3se,1.0526763331684605e-05
TSRW10,1.059398976149626e-05
GATS2i,1.0636557038527956e-05
AATSC4v,1.0660781788906364e-05
MATS3pe,1.0794727216884188e-05
ATSC2dv,1.0806512152481372e-05
SaaNH,1.0810371046381454e-05
ATSC7dv,1.087835547315466e-05
AATS2p,1.0910767368969148e-05
SMR_VSA7,1.095508627437505e-05
ATSC4p,1.0967120056451593e-05
MATS2i,1.1025682989476444e-05
JGI9,1.1126460756962896e-05
AXp-2d,1.1210414232164235e-05
MWC03,1.1246628885381703e-05
SIC3,1.1287914569701498e-05
GATS2dv,1.1324382464904682e-05
SMR_VSA1,1.1338011739602233e-05
piPC3,1.1343928444658163e-05
AATSC0v,1.1499158055395218e-05
PEOE_VSA4,1.1520560037246546e-05
n6ARing,1.1573203751961882e-05
AATSC4se,1.1640228765791294e-05
TIC5,1.1696764688243471e-05
ATSC5Z,1.1779994885769557e-05
GATS1Z,1.1884270283683049e-05
ATS7dv,1.1933065472670683e-05
EState_VSA8,1.2253982370837718e-05
Mi,1.2278473601172631e-05
AATSC4Z,1.2384867566740936e-05
PEOE_VSA2,1.2456058786885008e-05
ATSC8dv,1.248917789033353e-05
AATSC2d,1.2491828615327372e-05
ATS6i,1.2741349830477661e-05
ATSC2d,1.2801233764565563e-05
SdsssP,1.2801776174259893e-05
AATSC3i,1.2924072845516434e-05
AATSC4dv,1.293900734077695e-05
ATSC7d,1.2961111516029706e-05
AXp-1dv,1.3005042324807769e-05
nHBDon,1.308841904669811e-05
GGI8,1.3241392183690506e-05
MATS3se,1.3474393111570851e-05
GATS3Z,1.3617309463690667e-05
MATS4p,1.3753257149560702e-05
ATSC4are,1.3763638518100081e-05
GATS3m,1.3796067070615415e-05
VSA_EState3,1.3853037444013557e-05
Xp-1d,1.3962201317983727e-05
MATS3are,1.3965579217053385e-05
JGI10,1.4024486911463387e-05
AMW,1.4041788739518109e-05
LabuteASA,1.4042974758431137e-05
EState_VSA7,1.4147931131174192e-05
SsOH,1.4190889935677703e-05
Xp-3dv,1.4198394883523958e-05
VSA_EState5,1.4383267345557775e-05
GATS3pe,1.4601351966070895e-05
Mse,1.460311236060061e-05
ATSC0Z,1.4604113333838414e-05
BIC0,1.4604855047148368e-05
BIC2,1.4675080364911011e-05
VSA_EState2,1.4756300244280277e-05
ATSC6se,1.4760877769497225e-05
ATSC3d,1.4775400141111856e-05
ATSC5are,1.4783711420285426e-05
bpol,1.4801688687383908e-05
PEOE_VSA12,1.486209301917573e-05
BIC4,1.4874211185993569e-05
nAromAtom,1.4888338597760734e-05
AATS0p,1.4907437146872808e-05
StsC,1.5034803514944306e-05
SaaaC,1.5108844974019361e-05
AATS4p,1.5118742352491446e-05
GATS4Z,1.5165873745367695e-05
AATSC2v,1.5200001911353129e-05
fMF,1.5201397706136443e-05
MATS1dv,1.5249233290940984e-05
GGI5,1.541099692028867e-05
SssssC,1.5577072323101626e-05
AATS0d,1.560039208097809e-05
GATS1m,1.565101282060867e-05
ATSC5d,1.5939978408263755e-05
Xch-7dv,1.604141078363477e-05
ATSC4se,1.6097452429471737e-05
AATS1d,1.611139364742697e-05
ATSC1pe,1.6175543419163184e-05
n9FRing,1.6296764039224616e-05
GATS2pe,1.63041780578411e-05
piPC5,1.631124080369922e-05
AATSC3dv,1.6402121672769685e-05
n6HRing,1.6544048303675837e-05
ATSC3are,1.66905538027012e-05
PEOE_VSA7,1.674591836163565e-05
ATSC0i,1.6977628854496044e-05
IC1,1.7174451200725056e-05
MATS4Z,1.744051738515719e-05
SsCH3,1.7479976888127702e-05
eluent.B.h2o,1.783351380234381e-05
ATSC2m,1.8359132310266125e-05
JGI2,1.8415156058675716e-05
AATSC0m,1.8514513023857455e-05
Xch-7d,1.8551061168190636e-05
MATS4dv,1.8560820706224265e-05
VSA_EState8,1.8662927937165667e-05
EState_VSA2,1.872379991527751e-05
eluent.A.trifluoroacetic,1.900059320912237e-05
EState_VSA5,1.905020894374578e-05
ATSC0m,1.9436016443795563e-05
GATS4m,1.9437316946995918e-05
MIC0,1.9459904291439616e-05
ATSC6i,1.9494645371743222e-05
AATS2d,1.985931117996394e-05
ATS3i,2.0047543313920102e-05
ion exchange capacity pH 2.7,2.0089377305502424e-05
piPC2,2.026323710518467e-05
GATS3dv,2.033922201730501e-05
nC,2.0668520889971682e-05
SssS,2.0671799026806497e-05
SlogP_VSA6,2.094123346842447e-05
JGI6,2.120772858538733e-05
SMR_VSA9,2.1240236492787654e-05
PEOE_VSA9,2.1262715241325036e-05
CIC0,2.1374183003896632e-05
AATSC4are,2.1562033054142554e-05
NdssS,2.1811924259114174e-05
PEOE_VSA13,2.2001537517450825e-05
GATS3i,2.2066185572087744e-05
TopoPSA,2.2740536151245534e-05
JGI7,2.305087826296945e-05
CIC3,2.3199498738529777e-05
AATS0i,2.3782158688512648e-05
eluent.A.nh4ac,2.3900201401653823e-05
AATS4dv,2.4061427829267112e-05
ATSC3dv,2.4481984198123415e-05
GATS1are,2.4732496427071637e-05
VSA_EState7,2.5108935050861813e-05
AATSC0p,2.5122946298153282e-05
PEOE_VSA1,2.522178959734984e-05
Xp-5dv,2.5528307373859533e-05
BIC3,2.586187455987099e-05
MATS4are,2.5935305015421796e-05
EState_VSA6,2.614013233539882e-05
AATS4Z,2.6367355427864542e-05
JGI5,2.6865384106906225e-05
SdssS,2.7492493401647806e-05
ATSC1v,2.778389544500371e-05
eluent.B.acetic,2.7852258550239117e-05
ATSC6d,2.7999629765046875e-05
ATS1i,2.8235931405728304e-05
MATS2pe,2.856030434118459e-05
PEOE_VSA11,2.8712043790073312e-05
PEOE_VSA5,2.8732243970736126e-05
MATS4se,2.9147765767242874e-05
AATSC1se,2.9188878368479818e-05
ATS8v,2.9557728837040045e-05
SaasN,3.01485228212715e-05
SdsN,3.0408682422915138e-05
eluent.B.nh4oh,3.051952229295163e-05
AATS1are,3.0585156038672854e-05
nN,3.071802063218543e-05
AATS2se,3.154932294469571e-05
CIC1,3.181027849317574e-05
NsCH3,3.2851939594452306e-05
MATS2se,3.2937217389892356e-05
ATSC7Z,3.297819852528432e-05
SaaCH,3.385389775566895e-05
GATS4dv,3.424892949532941e-05
ZMIC3,3.506977302701556e-05
AATS1pe,3.619811172084816e-05
eluent.B.iproh,3.6910299737497827e-05
C1SP2,3.722012327212207e-05
BIC1,3.784834944788691e-05
MATS3dv,3.891444518345135e-05
AATSC0i,3.895853686046741e-05
AATS2Z,3.915064647050347e-05
AATSC0are,3.941906123555864e-05
piPC9,4.0099173385949644e-05
JGI8,4.010109930067691e-05
ATSC5dv,4.064575670908238e-05
Xpc-5dv,4.093439676013519e-05
SdssC,4.2110051334020695e-05
SssO,4.2437239483319664e-05
NaasC,4.255274191108782e-05
MATS2dv,4.329474705521939e-05
GATS4are,4.339549284172869e-05
GATS2d,4.390086927598411e-05
GATS4pe,4.7137791998674765e-05
SMR_VSA5,5.161960648420866e-05
IC0,5.186188431188961e-05
SssNH,5.4013864189343586e-05
nBondsA,5.739777742912655e-05
AATS4se,5.7850252964373146e-05
SlogP_VSA5,5.8214301203030496e-05
VSA_EState9,5.975147059977632e-05
TopoPSA(NO),6.081364172058519e-05
silanol capacity,6.17145204873785e-05
GATS1dv,6.187907375171239e-05
EState_VSA9,6.442414094667541e-05
AATSC1dv,6.498603420530252e-05
AATSC1are,6.537201488244059e-05
nAcid,6.541900109898452e-05
ATSC2Z,6.655623098460166e-05
VSA_EState6,6.801260572756682e-05
SMR,6.828630467986298e-05
steric selectivity,7.038015189715936e-05
retention capacity,7.047025492899397e-05
column.temperature,7.062628872676674e-05
SdS,7.288621084435591e-05
SaaN,7.374862014977966e-05
eluent.A.nh4oh,7.445639923521164e-05
ion exchange capacity pH 7.6,7.744461466684958e-05
MATS1pe,7.898522369463702e-05
ATSC7m,8.357581547968679e-05
eluent.A.acn,8.387067479440901e-05
ZMIC2,8.56681603017771e-05
ATSC4d,9.324841885175201e-05
column.particle.size,9.500514417085122e-05
eluent.A.h2o,9.766605972948046e-05
column.length,0.00010026940503659798
n6aHRing,0.00010039055657712626
SMR_VSA3,0.00010330742884218794
AATS1i,0.00011625978263638234
NaaN,0.00011650127458444547
eluent.A.nh4bicarb,0.00011675511546448943
SsssN,0.00011694907238851147
VSA_EState4,0.00011720319018680651
MATS1se,0.00013367075547897475
column.flowrate,0.00013839706462678906
PEOE_VSA8,0.00013962350758995652
eluent.B.formic,0.0001505275471120688
eluent.A.formic,0.00015128969210869746
pore size,0.00017149747232947775
gradient time 0.4,0.00021815297674708566
ATSC1dv,0.00023555300651060602
MATS1are,0.000248845577955102
gradient time 0.2,0.0002777752782721674
gradient time 1.0,0.0002948739282195269
FilterItLogS,0.00029894647086536435
gradient time 0.8,0.0003880986626719144
run time,0.0005730358957409739
column.t0,0.0010566728236007044
PEOE_VSA6,0.0017754376855155282
gradient time 0.0,0.0018399488166873836
gradient time 0.6,0.0019460039519022033
eluent.B.acn,0.002337407603327893
nBase,0.0027297246740204347
SLogP,0.01914395345192904
